INSERT INTO role (id,name) VALUES (100,'USER');

INSERT INTO user_entity (id,
                         email,
                         password,
                         full_name,
                         persist_date,
                         is_enabled,
                         is_deleted,
                         city,
                         link_site,
                         link_github,
                         link_vk,
                         about,
                         image_link,
                         last_redaction_date,
                         nickname,
                         role_id)
VALUES (100,
        'user100@mail.ru',
        '$2a$12$15IdweTSskIUYrtRI/hCc.yeds761vgRQ6rxoht1ILf23siw0TIBS', /*123*/
        'user100',
        '2022-01-12T17:05:24.197649',
        true,
        NULL,
        'user100_city',
        'user100site.com',
        'user100github.com',
        'user100vk.com',
        'test_user100',
        '\image_user100.jpg',
        CURRENT_TIMESTAMP,
        'user100',
        100),
       (101,
        'user101@mail.ru',
        '$2a$12$15IdweTSskIUYrtRI/hCc.yeds761vgRQ6rxoht1ILf23siw0TIBS', /*123*/
        'user101',
        '2022-02-12T17:05:24.197649',
        true,
        NULL,
        'user101_city',
        'user101site.com',
        'user101github.com',
        'user101vk.com',
        'test_user101',
        '\image_user101.jpg',
        CURRENT_TIMESTAMP,
        'user101',
        100),
       (102,
        'user102@mail.ru',
        '$2a$12$15IdweTSskIUYrtRI/hCc.yeds761vgRQ6rxoht1ILf23siw0TIBS', /*123*/
        'user102',
        '2022-03-12T17:05:24.197649',
        true,
        NULL,
        'user102_city',
        'user102site.com',
        'user102github.com',
        'user102vk.com',
        'test_user102',
        '\image_user102.jpg',
        CURRENT_TIMESTAMP,
        'user102',
        100),
       (103,
        'user103@mail.ru',
        '$2a$12$15IdweTSskIUYrtRI/hCc.yeds761vgRQ6rxoht1ILf23siw0TIBS', /*123*/
        'user103',
        '2022-04-12T17:05:24.197649',
        true,
        NULL,
        'user103_city',
        'user103site.com',
        'user103github.com',
        'user103vk.com',
        'test_user103',
        '\image_user103.jpg',
        CURRENT_TIMESTAMP,
        'user103',
        100),
       (104,
        'user104@mail.ru',
        '$2a$12$15IdweTSskIUYrtRI/hCc.yeds761vgRQ6rxoht1ILf23siw0TIBS', /*123*/
        'user104',
        '2022-05-12T17:05:24.197649',
        true,
        NULL,
        'user104_city',
        'user104site.com',
        'user104github.com',
        'user104vk.com',
        'test_user104',
        '\image_user104.jpg',
        CURRENT_TIMESTAMP,
        'user104',
        100),
       (105,
        'user105@mail.ru',
        '$2a$12$15IdweTSskIUYrtRI/hCc.yeds761vgRQ6rxoht1ILf23siw0TIBS', /*123*/
        'user105',
        '2022-06-12T17:05:24.197649',
        true,
        NULL,
        'user105_city',
        'user105site.com',
        'user105github.com',
        'user105vk.com',
        'test_user105',
        '\image_user105.jpg',
        CURRENT_TIMESTAMP,
        'user105',
        100),
       (106,
        'user106@mail.ru',
        '$2a$12$15IdweTSskIUYrtRI/hCc.yeds761vgRQ6rxoht1ILf23siw0TIBS', /*123*/
        'user106',
        '2022-07-12T17:05:24.197649',
        true,
        NULL,
        'user106_city',
        'user106site.com',
        'user106github.com',
        'user106vk.com',
        'test_user106',
        '\image_user106.jpg',
        CURRENT_TIMESTAMP,
        'user106',
        100),
       (107,
        'user107@mail.ru',
        '$2a$12$15IdweTSskIUYrtRI/hCc.yeds761vgRQ6rxoht1ILf23siw0TIBS', /*123*/
        'user107',
        '2022-08-12T17:05:24.197649',
        true,
        NULL,
        'user107_city',
        'user107site.com',
        'user107github.com',
        'user107vk.com',
        'test_user107',
        '\image_user107.jpg',
        CURRENT_TIMESTAMP,
        'user107',
        100),
       (108,
        'user108@mail.ru',
        '$2a$12$15IdweTSskIUYrtRI/hCc.yeds761vgRQ6rxoht1ILf23siw0TIBS', /*123*/
        'user108',
        '2022-09-12T17:05:24.197649',
        true,
        NULL,
        'user108_city',
        'user108site.com',
        'user108github.com',
        'user108vk.com',
        'test_user108',
        '\image_user108.jpg',
        CURRENT_TIMESTAMP,
        'user108',
        100),
       (109,
        'user109@mail.ru',
        '$2a$12$15IdweTSskIUYrtRI/hCc.yeds761vgRQ6rxoht1ILf23siw0TIBS', /*123*/
        'user109',
        '2022-10-12T17:05:24.197649',
        true,
        NULL,
        'user109_city',
        'user109site.com',
        'user109github.com',
        'user109vk.com',
        'test_user109',
        '\image_user109.jpg',
        CURRENT_TIMESTAMP,
        'user109',
        100),
       (110,
        'user110@mail.ru',
        '$2a$12$15IdweTSskIUYrtRI/hCc.yeds761vgRQ6rxoht1ILf23siw0TIBS', /*123*/
        'user110',
        '2022-11-12T17:05:24.197649',
        true,
        NULL,
        'user110_city',
        'user110site.com',
        'user110github.com',
        'user110vk.com',
        'test_user110',
        '\image_user110.jpg',
        CURRENT_TIMESTAMP,
        'user110',
        100),
       (111,
        'user111@mail.ru',
        '$2a$12$15IdweTSskIUYrtRI/hCc.yeds761vgRQ6rxoht1ILf23siw0TIBS', /*123*/
        'user111',
        '2022-12-12T17:05:24.197649',
        true,
        NULL,
        'user111_city',
        'user111site.com',
        'user111github.com',
        'user111vk.com',
        'test_user111',
        '\image_user111.jpg',
        CURRENT_TIMESTAMP,
        'user111',
        100);

INSERT INTO question (id,
                      title,
                      description,
                      persist_date,
                      user_id,
                      last_redaction_date,
                      is_deleted)
VALUES (100,
        'Question_100',
        'Question from user100',
        CURRENT_TIMESTAMP,
        100,
        CURRENT_TIMESTAMP,
        FALSE
       ),
       (101,
        'Question_101',
        'Question from user101',
        CURRENT_TIMESTAMP,
        101,
        CURRENT_TIMESTAMP,
        FALSE
       ),
       (102,
        'Question_102',
        'Question from user102',
        CURRENT_TIMESTAMP,
        102,
        CURRENT_TIMESTAMP,
        FALSE
       ),
       (103,
        'Question_103',
        'Question from user103',
        CURRENT_TIMESTAMP,
        103,
        CURRENT_TIMESTAMP,
        FALSE
       );

INSERT INTO answer (id,
                    persist_date,
                    update_date,
                    question_id,
                    user_id,
                    html_body,
                    is_helpful,
                    is_deleted,
                    is_deleted_by_moderator,
                    date_accept_time)
VALUES (100,
        CURRENT_TIMESTAMP,
        CURRENT_TIMESTAMP,
        100,
        104,
        'User104 answer for Question_100',
        TRUE,
        FALSE,
        FALSE,
        CURRENT_TIMESTAMP),
       (101,
        CURRENT_TIMESTAMP,
        CURRENT_TIMESTAMP,
        100,
        105,
        'User105 answer for Question_100',
        FALSE,
        FALSE,
        FALSE,
        CURRENT_TIMESTAMP),
       (102,
        CURRENT_TIMESTAMP,
        CURRENT_TIMESTAMP,
        101,
        106,
        'User106 answer for Question_101',
        TRUE,
        FALSE,
        FALSE,
        CURRENT_TIMESTAMP),
       (103,
        CURRENT_TIMESTAMP,
        CURRENT_TIMESTAMP,
        101,
        107,
        'User107 answer for Question_101',
        FALSE,
        FALSE,
        FALSE,
        CURRENT_TIMESTAMP),
       (104,
        CURRENT_TIMESTAMP,
        CURRENT_TIMESTAMP,
        102,
        108,
        'User108 answer for Question_102',
        TRUE,
        FALSE,
        FALSE,
        CURRENT_TIMESTAMP),
       (105,
        CURRENT_TIMESTAMP,
        CURRENT_TIMESTAMP,
        102,
        109,
        'User109 answer for Question_102',
        FALSE,
        FALSE,
        FALSE,
        CURRENT_TIMESTAMP),
       (106,
        CURRENT_TIMESTAMP,
        CURRENT_TIMESTAMP,
        103,
        110,
        'User110 answer for Question_103',
        TRUE,
        FALSE,
        FALSE,
        CURRENT_TIMESTAMP);

INSERT INTO votes_on_answers (id,
                              user_id,
                              answer_id,
                              persist_date,
                              vote)
VALUES (100,
        111,
        100,
        CURRENT_TIMESTAMP,
        'UP_VOTE'),
       (101,
        110,
        100,
        CURRENT_TIMESTAMP,
        'UP_VOTE'),
       (102,
        100,
        101,
        CURRENT_TIMESTAMP,
        'DOWN_VOTE'),
       (103,
        102,
        101,
        CURRENT_TIMESTAMP,
        'UP_VOTE'),
       (104,
        107,
        101,
        CURRENT_TIMESTAMP,
        'UP_VOTE'),
       (105,
        100,
        102,
        CURRENT_TIMESTAMP,
        'UP_VOTE'),
       (106,
        103,
        102,
        CURRENT_TIMESTAMP,
        'UP_VOTE'),
       (107,
        107,
        102,
        CURRENT_TIMESTAMP,
        'UP_VOTE'),
       (108,
        106,
        102,
        CURRENT_TIMESTAMP,
        'UP_VOTE'),
       (109,
        105,
        103,
        CURRENT_TIMESTAMP,
        'UP_VOTE'),
       (110,
        104,
        103,
        CURRENT_TIMESTAMP,
        'UP_VOTE'),
       (111,
        102,
        104,
        CURRENT_TIMESTAMP,
        'UP_VOTE'),
       (112,
        100,
        104,
        CURRENT_TIMESTAMP,
        'UP_VOTE'),
       (113,
        104,
        104,
        CURRENT_TIMESTAMP,
        'UP_VOTE'),
       (114,
        109,
        104,
        CURRENT_TIMESTAMP,
        'UP_VOTE'),
       (115,
        111,
        104,
        CURRENT_TIMESTAMP,
        'DOWN_VOTE'),
       (116,
        104,
        105,
        CURRENT_TIMESTAMP,
        'UP_VOTE'),
       (117,
        101,
        105,
        CURRENT_TIMESTAMP,
        'UP_VOTE'),
       (118,
        110,
        105,
        CURRENT_TIMESTAMP,
        'DOWN_VOTE'),
       (119,
        101,
        106,
        CURRENT_TIMESTAMP,
        'DOWN_VOTE');

INSERT INTO votes_on_questions (id,
                                user_id,
                                question_id,
                                persist_date,
                                vote)
VALUES (100,
        111,
        100,
        CURRENT_TIMESTAMP,
        'UP_VOTE'),
       (101,
        104,
        100,
        CURRENT_TIMESTAMP,
        'UP_VOTE'),
       (102,
        108,
        100,
        CURRENT_TIMESTAMP,
        'UP_VOTE'),
       (103,
        102,
        100,
        CURRENT_TIMESTAMP,
        'DOWN_VOTE'),
       (104,
        100,
        101,
        CURRENT_TIMESTAMP,
        'UP_VOTE'),
       (105,
        111,
        101,
        CURRENT_TIMESTAMP,
        'UP_VOTE'),
       (106,
        104,
        101,
        CURRENT_TIMESTAMP,
        'UP_VOTE'),
       (107,
        103,
        102,
        CURRENT_TIMESTAMP,
        'UP_VOTE'),
       (108,
        107,
        102,
        CURRENT_TIMESTAMP,
        'DOWN_VOTE'),
       (109,
        109,
        103,
        CURRENT_TIMESTAMP,
        'DOWN_VOTE');

