INSERT INTO role (id,name) VALUES (100,'USER');

INSERT INTO user_entity (id,
                         email,
                         password,
                         full_name,
                         persist_date,
                         is_enabled,
                         is_deleted,
                         city,
                         link_site,
                         link_github,
                         link_vk,
                         about,
                         image_link,
                         last_redaction_date,
                         nickname,
                         role_id)
VALUES (100,
        'user100@mail.ru',
        '$2a$12$15IdweTSskIUYrtRI/hCc.yeds761vgRQ6rxoht1ILf23siw0TIBS', /*123*/
        'user100',
        '2022-01-12T17:05:24.197649',
        true,
        NULL,
        'user100_city',
        'user100site.com',
        'user100github.com',
        'user100vk.com',
        'test_user100',
        '\image_user100.jpg',
        CURRENT_TIMESTAMP,
        'user100',
        100),
       (101,
        'user101@mail.ru',
        '$2a$12$15IdweTSskIUYrtRI/hCc.yeds761vgRQ6rxoht1ILf23siw0TIBS', /*123*/
        'user101',
        '2022-02-12T17:05:24.197649',
        true,
        NULL,
        'user101_city',
        'user101site.com',
        'user101github.com',
        'user101vk.com',
        'test_user101',
        '\image_user101.jpg',
        CURRENT_TIMESTAMP,
        'user101',
        100),
       (102,
        'user102@mail.ru',
        '$2a$12$15IdweTSskIUYrtRI/hCc.yeds761vgRQ6rxoht1ILf23siw0TIBS', /*123*/
        'user102',
        '2022-03-12T17:05:24.197649',
        true,
        NULL,
        'user102_city',
        'user102site.com',
        'user102github.com',
        'user102vk.com',
        'test_user102',
        '\image_user102.jpg',
        CURRENT_TIMESTAMP,
        'user102',
        100),
       (103,
        'user103@mail.ru',
        '$2a$12$15IdweTSskIUYrtRI/hCc.yeds761vgRQ6rxoht1ILf23siw0TIBS', /*123*/
        'user103',
        '2022-04-12T17:05:24.197649',
        true,
        NULL,
        'user103_city',
        'user103site.com',
        'user103github.com',
        'user103vk.com',
        'test_user103',
        '\image_user103.jpg',
        CURRENT_TIMESTAMP,
        'user103',
        100),
       (104,
        'user104@mail.ru',
        '$2a$12$15IdweTSskIUYrtRI/hCc.yeds761vgRQ6rxoht1ILf23siw0TIBS', /*123*/
        'user104',
        '2022-05-12T17:05:24.197649',
        true,
        NULL,
        'user104_city',
        'user104site.com',
        'user104github.com',
        'user104vk.com',
        'test_user104',
        '\image_user104.jpg',
        CURRENT_TIMESTAMP,
        'user104',
        100),
       (105,
        'user105@mail.ru',
        '$2a$12$15IdweTSskIUYrtRI/hCc.yeds761vgRQ6rxoht1ILf23siw0TIBS', /*123*/
        'user105',
        '2022-06-12T17:05:24.197649',
        true,
        NULL,
        'user105_city',
        'user105site.com',
        'user105github.com',
        'user105vk.com',
        'test_user105',
        '\image_user105.jpg',
        CURRENT_TIMESTAMP,
        'user105',
        100),
       (106,
        'user106@mail.ru',
        '$2a$12$15IdweTSskIUYrtRI/hCc.yeds761vgRQ6rxoht1ILf23siw0TIBS', /*123*/
        'user106',
        '2022-07-12T17:05:24.197649',
        true,
        NULL,
        'user106_city',
        'user106site.com',
        'user106github.com',
        'user106vk.com',
        'test_user106',
        '\image_user106.jpg',
        CURRENT_TIMESTAMP,
        'user106',
        100),
       (107,
        'user107@mail.ru',
        '$2a$12$15IdweTSskIUYrtRI/hCc.yeds761vgRQ6rxoht1ILf23siw0TIBS', /*123*/
        'user107',
        '2022-08-12T17:05:24.197649',
        true,
        NULL,
        'user107_city',
        'user107site.com',
        'user107github.com',
        'user107vk.com',
        'test_user107',
        '\image_user107.jpg',
        CURRENT_TIMESTAMP,
        'user107',
        100),
       (108,
        'user108@mail.ru',
        '$2a$12$15IdweTSskIUYrtRI/hCc.yeds761vgRQ6rxoht1ILf23siw0TIBS', /*123*/
        'user108',
        '2022-09-12T17:05:24.197649',
        true,
        NULL,
        'user108_city',
        'user108site.com',
        'user108github.com',
        'user108vk.com',
        'test_user108',
        '\image_user108.jpg',
        CURRENT_TIMESTAMP,
        'user108',
        100),
       (109,
        'user109@mail.ru',
        '$2a$12$15IdweTSskIUYrtRI/hCc.yeds761vgRQ6rxoht1ILf23siw0TIBS', /*123*/
        'user109',
        '2022-10-12T17:05:24.197649',
        true,
        NULL,
        'user109_city',
        'user109site.com',
        'user109github.com',
        'user109vk.com',
        'test_user109',
        '\image_user109.jpg',
        CURRENT_TIMESTAMP,
        'user109',
        100),
       (110,
        'user110@mail.ru',
        '$2a$12$15IdweTSskIUYrtRI/hCc.yeds761vgRQ6rxoht1ILf23siw0TIBS', /*123*/
        'user110',
        '2022-11-12T17:05:24.197649',
        true,
        NULL,
        'user110_city',
        'user110site.com',
        'user110github.com',
        'user110vk.com',
        'test_user110',
        '\image_user110.jpg',
        CURRENT_TIMESTAMP,
        'user110',
        100),
       (111,
        'user111@mail.ru',
        '$2a$12$15IdweTSskIUYrtRI/hCc.yeds761vgRQ6rxoht1ILf23siw0TIBS', /*123*/
        'user111',
        '2022-12-12T17:05:24.197649',
        true,
        NULL,
        'user111_city',
        'user111site.com',
        'user111github.com',
        'user111vk.com',
        'test_user111',
        '\image_user111.jpg',
        CURRENT_TIMESTAMP,
        'user111',
        100);

INSERT INTO question (id,
                     title,
                     description,
                     persist_date,
                     user_id,
                     last_redaction_date,
                     is_deleted)
VALUES (100,
        'Question_100',
        'Question from user100',
        CURRENT_TIMESTAMP,
        100,
        CURRENT_TIMESTAMP,
        FALSE
       ),
       (101,
        'Question_101',
        'Question from user101',
        CURRENT_TIMESTAMP,
        101,
        CURRENT_TIMESTAMP,
        FALSE
       ),
       (102,
        'Question_102',
        'Question from user102',
        CURRENT_TIMESTAMP,
        102,
        CURRENT_TIMESTAMP,
        FALSE
       ),
       (103,
        'Question_103',
        'Question from user103',
        CURRENT_TIMESTAMP,
        103,
        CURRENT_TIMESTAMP,
        FALSE
       );

INSERT INTO answer (id,
                    persist_date,
                    update_date,
                    question_id,
                    user_id,
                    html_body,
                    is_helpful,
                    is_deleted,
                    is_deleted_by_moderator,
                    date_accept_time)
VALUES (100,
        CURRENT_TIMESTAMP,
        CURRENT_TIMESTAMP,
        100,
        104,
        'Answer to Question_100 from user100',
        TRUE,
        FALSE,
        FALSE,
        CURRENT_TIMESTAMP),
       (101,
        CURRENT_TIMESTAMP,
        CURRENT_TIMESTAMP,
        100,
        105,
        'Answer to Question_100 from user100',
        FALSE,
        FALSE,
        FALSE,
        CURRENT_TIMESTAMP),
       (102,
        CURRENT_TIMESTAMP,
        CURRENT_TIMESTAMP,
        101,
        106,
        'Answer to Question_101 from user101',
        TRUE,
        FALSE,
        FALSE,
        CURRENT_TIMESTAMP),
       (103,
        CURRENT_TIMESTAMP,
        CURRENT_TIMESTAMP,
        101,
        107,
        'Answer to Question_101 from user101',
        FALSE,
        FALSE,
        FALSE,
        CURRENT_TIMESTAMP),
       (104,
        CURRENT_TIMESTAMP,
        CURRENT_TIMESTAMP,
        102,
        108,
        'Answer to Question_102 from user102',
        TRUE,
        FALSE,
        FALSE,
        CURRENT_TIMESTAMP),
       (105,
        CURRENT_TIMESTAMP,
        CURRENT_TIMESTAMP,
        102,
        109,
        'Answer to Question_102 from user102',
        FALSE,
        FALSE,
        FALSE,
        CURRENT_TIMESTAMP),
       (106,
        CURRENT_TIMESTAMP,
        CURRENT_TIMESTAMP,
        103,
        110,
        'Answer to Question_103 from user103',
        TRUE,
        FALSE,
        FALSE,
        CURRENT_TIMESTAMP);

INSERT INTO reputation (id,
                        persist_date,
                        author_id,
                        sender_id,
                        count,
                        --type,
                        question_id,
                        answer_id
                        )
VALUES (100,
        CURRENT_TIMESTAMP,
        104,
        100,
        1,
        --'Answer',
        null,
        100
       ),
       (101,
        CURRENT_TIMESTAMP,
        104,
        101,
        1,
        --'Answer',
        null,
        100
       ),
       (102,
        CURRENT_TIMESTAMP,
        104,
        102,
        1,
        --'Answer',
        null,
        100
       ),
       (103,
        CURRENT_TIMESTAMP,
        104,
        103,
        1,
        --'Answer',
        null,
        100
       ),
       (104,
        CURRENT_TIMESTAMP,
        104,
        105,
        1,
        --'Answer',
        null,
        100
       ),
       (105,
        CURRENT_TIMESTAMP,
        104,
        106,
        1,
        --'Answer',
        null,
        100
       ),
       (106,
        CURRENT_TIMESTAMP,
        104,
        107,
        1,
        --'Answer',
        null,
        100
       ),
       (107,
        CURRENT_TIMESTAMP,
        104,
        108,
        1,
        --'Answer',
        null,
        100
       ),
       (109,
        CURRENT_TIMESTAMP,
        104,
        109,
        1,
        --'Answer',
        null,
        100
       ),
       (110,
        CURRENT_TIMESTAMP,
        104,
        110,
        1,
        --'Answer',
        null,
        100
       ),
       (111,
        CURRENT_TIMESTAMP,
        104,
        111,
        1,
        --'Answer',
        null,
        100
       ),
       (112,
        CURRENT_TIMESTAMP,
        105,
        100,
        1,
        --'Answer',
        null,
        101
       ),
       (113,
        CURRENT_TIMESTAMP,
        105,
        101,
        1,
        --'Answer',
        null,
        101
       ),
       (114,
        CURRENT_TIMESTAMP,
        106,
        100,
        1,
        --'Answer',
        null,
        102
       ),
       (115,
        CURRENT_TIMESTAMP,
        106,
        101,
        1,
        --'Answer',
        null,
        102
       ),
       (116,
        CURRENT_TIMESTAMP,
        106,
        102,
        1,
        --'Answer',
        null,
        102
       ),
       (117,
        CURRENT_TIMESTAMP,
        106,
        103,
        1,
        --'Answer',
        null,
        102
       ),
       (118,
        CURRENT_TIMESTAMP,
        106,
        104,
        1,
        --'Answer',
        null,
        102
       ),
       (119,
        CURRENT_TIMESTAMP,
        106,
        105,
        1,
        --'Answer',
        null,
        102
       ),
       (120,
        CURRENT_TIMESTAMP,
        106,
        107,
        1,
        --'Answer',
        null,
        102
       ),
       (121,
        CURRENT_TIMESTAMP,
        106,
        108,
        1,
        --'Answer',
        null,
        102
       ),
       (122,
        CURRENT_TIMESTAMP,
        106,
        109,
        1,
        --'Answer',
        null,
        102
       ),
       (123,
        CURRENT_TIMESTAMP,
        100,
        101,
        1,
        --'Question',
        100,
        null
       ),
       (124,
        CURRENT_TIMESTAMP,
        100,
        103,
        1,
        --'Question',
        100,
        null
       ),
       (125,
        CURRENT_TIMESTAMP,
        100,
        105,
        1,
        --'Question',
        100,
        null
       ),
       (126,
        CURRENT_TIMESTAMP,
        100,
        107,
        1,
        --'Question',
        100,
        null
       ),
       (127,
        CURRENT_TIMESTAMP,
        100,
        109,
        1,
        --'Question',
        100,
        null
       ),
       (128,
        CURRENT_TIMESTAMP,
        100,
        111,
        1,
        --'Question',
        100,
        null
       ),
       (129,
        CURRENT_TIMESTAMP,
        101,
        100,
        1,
        --'Question',
        101,
        null
       ),
       (130,
        CURRENT_TIMESTAMP,
        101,
        102,
        1,
        --'Question',
        101,
        null
       ),
       (131,
        CURRENT_TIMESTAMP,
        101,
        104,
        1,
        --'Question',
        101,
        null
       ),
       (132,
        CURRENT_TIMESTAMP,
        101,
        106,
        1,
        --'Question',
        101,
        null
       ),
       (133,
        CURRENT_TIMESTAMP,
        101,
        108,
        1,
        --'Question',
        101,
        null
       ),
       (134,
        CURRENT_TIMESTAMP,
        107,
        108,
        1,
        --'Answer',
        null,
        103
       ),
       (135,
        CURRENT_TIMESTAMP,
        107,
        109,
        1,
        --'Answer',
        null,
        103
       ),
       (136,
        CURRENT_TIMESTAMP,
        107,
        110,
        1,
        --'Answer',
        null,
        103
       ),
       (137,
        CURRENT_TIMESTAMP,
        107,
        101,
        1,
        --'Question',
        102,
        null
       ),
       (138,
        CURRENT_TIMESTAMP,
        107,
        102,
        1,
        --'Question',
        102,
        null
       ),
       (139,
        CURRENT_TIMESTAMP,
        107,
        105,
        1,
        --'Question',
        102,
        null
       ),
       (140,
        CURRENT_TIMESTAMP,
        107,
        109,
        1,
        --'Question',
        102,
        null
       ),
       (141,
        CURRENT_TIMESTAMP,
        103,
        104,
        1,
        --'Question',
        103,
        null
       ),
       (142,
        CURRENT_TIMESTAMP,
        103,
        107,
        1,
        --'Question',
        103,
        null
       ),
       (143,
        CURRENT_TIMESTAMP,
        103,
        110,
        1,
        --'Question',
        103,
        null
       ),
       (144,
        CURRENT_TIMESTAMP,
        108,
        100,
        1,
        --'Answer',
        null,
        105
       ),
       (145,
        CURRENT_TIMESTAMP,
        108,
        101,
        1,
        --'Answer',
        null,
        105
       ),
       (146,
        CURRENT_TIMESTAMP,
        108,
        102,
        1,
        --'Answer',
        null,
        105
       ),
       (147,
        CURRENT_TIMESTAMP,
        108,
        103,
        1,
        --'Answer',
        null,
        105
       ),
       (148,
        CURRENT_TIMESTAMP,
        108,
        105,
        1,
        --'Answer',
        null,
        105
       ),
       (149,
        CURRENT_TIMESTAMP,
        108,
        106,
        1,
        --'Answer',
        null,
        105
       ),
       (150,
        CURRENT_TIMESTAMP,
        108,
        109,
        1,
        --'Answer',
        null,
        105
       ),
       (151,
        CURRENT_TIMESTAMP,
        108,
        111,
        1,
        --'Answer',
        null,
        105
       ),
       (152,
        CURRENT_TIMESTAMP,
        109,
        103,
        1,
        --'Answer',
        null,
        105
       ),
       (153,
        CURRENT_TIMESTAMP,
        109,
        105,
        1,
        --'Answer',
        null,
        105
       ),
       (154,
        CURRENT_TIMESTAMP,
        109,
        107,
        1,
        --'Answer',
        null,
        105
       ),
       (155,
        CURRENT_TIMESTAMP,
        109,
        102,
        1,
        --'Answer',
        null,
        105
       ),
       (156,
        CURRENT_TIMESTAMP,
        109,
        104,
        1,
        --'Answer',
        null,
        105
       ),
       (157,
        CURRENT_TIMESTAMP,
        110,
        100,
        1,
        --'Answer',
        null,
        106
       ),
       (158,
        CURRENT_TIMESTAMP,
        110,
        101,
        1,
        --'Answer',
        null,
        106
       ),
       (159,
        CURRENT_TIMESTAMP,
        110,
        102,
        1,
        --'Answer',
        null,
        106
       ),
       (160,
        CURRENT_TIMESTAMP,
        110,
        103,
        1,
        --'Answer',
        null,
        106
       ),
       (161,
        CURRENT_TIMESTAMP,
        110,
        104,
        1,
        --'Answer',
        null,
        106
       ),
       (162,
        CURRENT_TIMESTAMP,
        110,
        105,
        1,
        --'Answer',
        null,
        106
       ),
       (163,
        CURRENT_TIMESTAMP,
        110,
        106,
        1,
        --'Answer',
        null,
        106
       ),
       (164,
        CURRENT_TIMESTAMP,
        110,
        108,
        1,
        --'Answer',
        null,
        106
       ),
       (165,
        CURRENT_TIMESTAMP,
        102,
        101,
        1,
        --'Question',
        102,
        null
       );


