INSERT INTO role (id,name) VALUES (100,'USER');

INSERT INTO user_entity (id,
                         email,
                         password,
                         full_name,
                         persist_date,
                         is_enabled,
                         is_deleted,
                         city,
                         link_site,
                         link_github,
                         link_vk,
                         about,
                         image_link,
                         last_redaction_date,
                         nickname,
                         role_id)
VALUES (100,
        '100_user@mail.ru',
        '$2a$12$15IdweTSskIUYrtRI/hCc.yeds761vgRQ6rxoht1ILf23siw0TIBS', /*123*/
        'user100',
        '2022-01-12T17:05:24.197649',
        true,
        NULL,
        'user100_city',
        'user100site.com',
        'user100github.com',
        'user100vk.com',
        'test_user100',
        '\image_user100.jpg',
        CURRENT_TIMESTAMP,
        'user100',
        100),
       (101,
        '101_user@mail.ru',
        '$2a$12$15IdweTSskIUYrtRI/hCc.yeds761vgRQ6rxoht1ILf23siw0TIBS', /*123*/
        'user101',
        '2022-02-12T17:05:24.197649',
        true,
        NULL,
        'user101_city',
        'user101site.com',
        'user101github.com',
        'user101vk.com',
        'test_user101',
        '\image_user101.jpg',
        CURRENT_TIMESTAMP,
        'user101',
        100),
       (102,
        '102_user@mail.ru',
        '$2a$12$15IdweTSskIUYrtRI/hCc.yeds761vgRQ6rxoht1ILf23siw0TIBS', /*123*/
        'user102',
        '2022-03-12T17:05:24.197649',
        true,
        NULL,
        'user102_city',
        'user102site.com',
        'user102github.com',
        'user102vk.com',
        'test_user102',
        '\image_user102.jpg',
        CURRENT_TIMESTAMP,
        'user102',
        100);

INSERT INTO chat (id,
                  title,
                  persist_date,
                  chat_type,
                  is_global,
                  is_chat_pin)

VALUES (100,
        'test_chat_100',
        CURRENT_TIMESTAMP,
        0,
        FALSE,
        FALSE),
       (101,
        'test_chat_101',
        CURRENT_TIMESTAMP,
        1,
        FALSE,
        FALSE),
       (102,
        'test_chat_102',
        CURRENT_TIMESTAMP,
        1,
        FALSE,
        FALSE);

INSERT INTO group_chat(chat_id, image_link, author_id) VALUES (101, 'imageLinkOfGroupChat', 100),
                                                              (102, 'imageLinkOfGroupChat', 100);

INSERT INTO groupchat_has_users (chat_id, user_id)
VALUES (101, 100), (101,101),(101, 102),(102, 100),(102, 101);
